cyl_f,n,mpg_mean,mpg_sd,wt_mean,wt_sd
4,11,26.663636363636364,4.509827652421481,2.285727272727273,0.5695637086242575
6,7,19.742857142857144,1.4535670410604187,3.117142857142857,0.3563455385677542
8,14,15.1,2.5600480764716416,3.999214285714286,0.7594047444769265
